{
  "feature_cols": [
    "overall_sentiment",
    "ceo_sentiment",
    "cfo_sentiment",
    "analyst_sentiment",
    "n_wins",
    "n_risks",
    "guidance_score",
    "n_themes",
    "sentiment_delta",
    "n_risks_delta",
    "n_wins_delta",
    "risk_persistence",
    "theme_novelty",
    "theme_persistence",
    "ceo_cfo_gap",
    "analyst_mgmt_gap",
    "guidance_trajectory",
    "proactive_risk_count",
    "reactive_risk_count",
    "reactive_risk_ratio",
    "theme_ai",
    "theme_china",
    "theme_macro",
    "theme_pricing",
    "theme_capex",
    "lm_sentiment",
    "lm_pos",
    "lm_neg",
    "finbert_sentiment",
    "finbert_pos",
    "finbert_neg",
    "finbert_qa_sentiment",
    "finbert_mgmt_qa_gap",
    "finbert_sentiment_delta",
    "mom_21d",
    "mom_63d",
    "dist_52w_high",
    "vol_21d"
  ],
  "xgboost_gain": {
    "overall_sentiment": 0.6845600605010986,
    "ceo_sentiment": 0.4941520690917969,
    "cfo_sentiment": 0.7235440611839294,
    "analyst_sentiment": 1.7960690259933472,
    "n_wins": 0.0,
    "n_risks": 0.0,
    "guidance_score": 1.3103481531143188,
    "n_themes": 0.0,
    "sentiment_delta": 0.9122139811515808,
    "n_risks_delta": 0.0,
    "n_wins_delta": 0.0,
    "risk_persistence": 2.5699024200439453,
    "theme_novelty": 0.9403874278068542,
    "theme_persistence": 1.0377707481384277,
    "ceo_cfo_gap": 1.432818055152893,
    "analyst_mgmt_gap": 1.2677466869354248,
    "guidance_trajectory": 0.4471810460090637,
    "proactive_risk_count": 0.0,
    "reactive_risk_count": 5.760361671447754,
    "reactive_risk_ratio": 0.0,
    "theme_ai": 0.14131176471710205,
    "theme_china": 0.0,
    "theme_macro": 0.0,
    "theme_pricing": 0.0,
    "theme_capex": 0.0,
    "lm_sentiment": 1.281740665435791,
    "lm_pos": 0.8560438752174377,
    "lm_neg": 0.5608298182487488,
    "finbert_sentiment": 1.2539880275726318,
    "finbert_pos": 0.9106128811836243,
    "finbert_neg": 0.8003833889961243,
    "finbert_qa_sentiment": 0.27059710025787354,
    "finbert_mgmt_qa_gap": 0.883965015411377,
    "finbert_sentiment_delta": 0.8767926096916199,
    "mom_21d": 1.2216501235961914,
    "mom_63d": 0.6533565521240234,
    "dist_52w_high": 0.7159513235092163,
    "vol_21d": 0.4465794861316681
  },
  "logistic_std_coef": {
    "overall_sentiment": 0.5320911432979186,
    "ceo_sentiment": -0.9914282883087503,
    "cfo_sentiment": -0.5587534325556069,
    "analyst_sentiment": 0.5340885366064984,
    "n_wins": 0.21889970192404407,
    "n_risks": -0.3512720999991724,
    "guidance_score": 2.0982992074024978,
    "n_themes": 0.0,
    "sentiment_delta": -0.5466043121912391,
    "n_risks_delta": -0.8636471953323732,
    "n_wins_delta": 0.12626851806711098,
    "risk_persistence": 0.2875269461491259,
    "theme_novelty": -0.8221040000566286,
    "theme_persistence": -1.211291527011777,
    "ceo_cfo_gap": 0.36652743946069105,
    "analyst_mgmt_gap": -0.013487086099201899,
    "guidance_trajectory": -0.572625656365972,
    "proactive_risk_count": -2.2020781829569493,
    "reactive_risk_count": -1.20777040273706,
    "reactive_risk_ratio": -1.2471326280395052,
    "theme_ai": 1.109363558293089,
    "theme_china": -2.6741839401538954,
    "theme_macro": 1.7398306179008671,
    "theme_pricing": -0.11730779962937325,
    "theme_capex": -0.5949634580994959,
    "lm_sentiment": 0.6958294797314966,
    "lm_pos": -2.107328037056851,
    "lm_neg": 3.075648882007585,
    "finbert_sentiment": 0.3776189056535716,
    "finbert_pos": -0.23839169218460424,
    "finbert_neg": -1.0312662523500122,
    "finbert_qa_sentiment": 0.7905760773050906,
    "finbert_mgmt_qa_gap": 0.2177780848980919,
    "finbert_sentiment_delta": 0.3850563724575842,
    "mom_21d": 3.4739081022792653,
    "mom_63d": -0.8521162966216235,
    "dist_52w_high": 1.0193380710600901,
    "vol_21d": 0.8045494505047902
  },
  "model_meta": {
    "xgb_best_params": {
      "n_estimators": 207.0,
      "max_depth": 4.0,
      "learning_rate": 0.19203905543553557,
      "subsample": 0.8198764143206067,
      "colsample_bytree": 0.8081774042058101,
      "min_child_weight": 1.0,
      "reg_alpha": 0.000510717350807145,
      "reg_lambda": 0.0006966949577668533
    },
    "xgb_train_base_rate": 0.6067,
    "logistic_best_C": 10.0,
    "n_train": 89,
    "n_test": 36,
    "horizon_days": 21
  }
}