{
  "feature_cols": [
    "overall_sentiment",
    "ceo_sentiment",
    "cfo_sentiment",
    "analyst_sentiment",
    "n_wins",
    "n_risks",
    "guidance_score",
    "n_themes",
    "sentiment_delta",
    "n_risks_delta",
    "n_wins_delta",
    "risk_persistence",
    "theme_novelty",
    "theme_persistence",
    "ceo_cfo_gap",
    "analyst_mgmt_gap",
    "guidance_trajectory",
    "proactive_risk_count",
    "reactive_risk_count",
    "reactive_risk_ratio",
    "theme_ai",
    "theme_china",
    "theme_macro",
    "theme_pricing",
    "theme_capex",
    "lm_sentiment",
    "lm_pos",
    "lm_neg",
    "finbert_sentiment",
    "finbert_pos",
    "finbert_neg",
    "finbert_qa_sentiment",
    "finbert_mgmt_qa_gap",
    "finbert_sentiment_delta",
    "mom_21d",
    "mom_63d",
    "dist_52w_high",
    "vol_21d"
  ],
  "xgboost_gain": {
    "overall_sentiment": 2.406838893890381,
    "ceo_sentiment": 1.6965467929840088,
    "cfo_sentiment": 2.5429320335388184,
    "analyst_sentiment": 2.638836622238159,
    "n_wins": 0.0,
    "n_risks": 0.0,
    "guidance_score": 1.8717262744903564,
    "n_themes": 0.0,
    "sentiment_delta": 3.1196842193603516,
    "n_risks_delta": 2.8111636638641357,
    "n_wins_delta": 0.0,
    "risk_persistence": 2.648512601852417,
    "theme_novelty": 2.400266170501709,
    "theme_persistence": 1.6149786710739136,
    "ceo_cfo_gap": 2.7636332511901855,
    "analyst_mgmt_gap": 3.103736162185669,
    "guidance_trajectory": 2.2992441654205322,
    "proactive_risk_count": 2.0399749279022217,
    "reactive_risk_count": 2.122345447540283,
    "reactive_risk_ratio": 2.61055064201355,
    "theme_ai": 0.5118502974510193,
    "theme_china": 3.348106622695923,
    "theme_macro": 2.4322192668914795,
    "theme_pricing": 1.4511032104492188,
    "theme_capex": 0.0,
    "lm_sentiment": 2.9798038005828857,
    "lm_pos": 2.2668344974517822,
    "lm_neg": 2.7787468433380127,
    "finbert_sentiment": 2.3673298358917236,
    "finbert_pos": 3.073514699935913,
    "finbert_neg": 2.364344358444214,
    "finbert_qa_sentiment": 1.7733505964279175,
    "finbert_mgmt_qa_gap": 2.8881027698516846,
    "finbert_sentiment_delta": 2.6876354217529297,
    "mom_21d": 3.409214496612549,
    "mom_63d": 1.994423508644104,
    "dist_52w_high": 3.101767063140869,
    "vol_21d": 2.1679461002349854
  },
  "logistic_std_coef": {
    "overall_sentiment": 0.5332154767504027,
    "ceo_sentiment": -0.9872066959715395,
    "cfo_sentiment": -0.5558442680408664,
    "analyst_sentiment": 0.5246139872865895,
    "n_wins": 0.2226307431269836,
    "n_risks": -0.3537308427094123,
    "guidance_score": 2.0992172914385567,
    "n_themes": 0.0,
    "sentiment_delta": -0.5469250479069588,
    "n_risks_delta": -0.8658457526022286,
    "n_wins_delta": 0.11917601575219129,
    "risk_persistence": 0.2900719392969663,
    "theme_novelty": -0.818387534195777,
    "theme_persistence": -1.2090940697267876,
    "ceo_cfo_gap": 0.3689571092795588,
    "analyst_mgmt_gap": -0.002957447767877539,
    "guidance_trajectory": -0.57284986531751,
    "proactive_risk_count": -2.2064541652282297,
    "reactive_risk_count": -1.2104451117145256,
    "reactive_risk_ratio": -1.2466751258141446,
    "theme_ai": 1.1071362647864729,
    "theme_china": -2.6802888202718043,
    "theme_macro": 1.743446094703095,
    "theme_pricing": -0.12107933765345201,
    "theme_capex": -0.5936866265390036,
    "lm_sentiment": 0.6990810886517848,
    "lm_pos": -2.11072609635551,
    "lm_neg": 3.076140471218997,
    "finbert_sentiment": 0.3785130166368525,
    "finbert_pos": -0.23861291465176185,
    "finbert_neg": -1.0332933738014678,
    "finbert_qa_sentiment": 0.7899361427087684,
    "finbert_mgmt_qa_gap": 0.21535165313736918,
    "finbert_sentiment_delta": 0.3838670489817278,
    "mom_21d": 3.4778144766936125,
    "mom_63d": -0.8514011846389998,
    "dist_52w_high": 1.0168728619459229,
    "vol_21d": 0.8055537340972131
  },
  "model_meta": {
    "xgb_best_params": {
      "n_estimators": 154.0,
      "max_depth": 6.0,
      "learning_rate": 0.010816563157385528,
      "subsample": 0.8272327795466411,
      "colsample_bytree": 0.6963119031131625,
      "min_child_weight": 1.0,
      "reg_alpha": 0.00751945564003531,
      "reg_lambda": 0.03558123371037297
    },
    "xgb_train_base_rate": 0.6067,
    "logistic_best_C": 10.0,
    "n_train": 89,
    "n_test": 36,
    "horizon_days": 21
  }
}